Ozone_real,Ozone_predicho,residuo
18.0,20.757134230724517,-2.7571342307245175
19.0,-2.1710969419706316,21.17109694197063
14.0,25.55605998503816,-11.55605998503816
30.0,32.4827133475012,-2.4827133475012033
45.0,43.55329757505973,1.4467024249402698
29.0,43.55954852465938,-14.559548524659377
12.0,21.047526937200217,-9.047526937200217
49.0,60.679066435565375,-11.679066435565375
85.0,69.83344124799004,15.166558752009962
7.0,26.524063383137786,-19.524063383137786
80.0,66.58299010149032,13.417009898509676
52.0,46.18849044816007,5.811509551839933
16.0,59.10850845653317,-43.10850845653317
66.0,83.09866510557828,-17.098665105578277
22.0,40.960814993727425,-18.960814993727425
31.0,49.65021028471838,-18.650210284718383
76.0,86.84007055545352,-10.840070555453522
85.0,90.36545495555197,-5.365454955551968
20.0,40.980578919647485,-20.980578919647485
24.0,31.663193364281625,-7.663193364281625
18.0,6.70411364444243,11.29588635555757
16.0,50.66848462640522,-34.66848462640522
14.0,18.65522456098543,-4.655224560985431
